Instance,Terminal,Layer,X location,Y location,Voltage
FILLER_0_26_141,VPWR,li1,73.1400,84.3200,1.800000
FILLER_0_26_137,VPWR,li1,69.2300,84.3200,1.800000
FILLER_0_26_125,VPWR,li1,65.7800,84.3200,1.800000
FILLER_0_26_113,VPWR,li1,60.2600,84.3200,1.800000
FILLER_0_26_109,VPWR,li1,56.3500,84.3200,1.800000
FILLER_0_26_97,VPWR,li1,52.9000,84.3200,1.800000
FILLER_0_26_85,VPWR,li1,47.3800,84.3200,1.800000
FILLER_0_26_81,VPWR,li1,43.4700,84.3200,1.800000
FILLER_0_26_69,VPWR,li1,40.0200,84.3200,1.800000
FILLER_0_26_57,VPWR,li1,34.5000,84.3200,1.800000
FILLER_0_26_53,VPWR,li1,30.5900,84.3200,1.800000
FILLER_0_26_41,VPWR,li1,27.1400,84.3200,1.800000
FILLER_0_26_29,VPWR,li1,21.6200,84.3200,1.800000
FILLER_0_26_25,VPWR,li1,17.7100,84.3200,1.800000
FILLER_0_26_13,VPWR,li1,14.2600,84.3200,1.800000
FILLER_0_25_157,VPWR,li1,78.2000,78.8800,1.799988
FILLER_0_25_137,VPWR,li1,71.3000,78.8800,1.799989
FILLER_0_25_125,VPWR,li1,65.7800,78.8800,1.799989
FILLER_0_25_113,VPWR,li1,60.2600,78.8800,1.799990
FILLER_0_25_104,VPWR,li1,55.2000,78.8800,1.799991
FILLER_0_25_85,VPWR,li1,45.3100,78.8800,1.799992
FILLER_0_25_81,VPWR,li1,43.0100,78.8800,1.799992
FILLER_0_25_66,VPWR,li1,36.1100,78.8800,1.799993
FILLER_0_25_60,VPWR,li1,34.5000,78.8800,1.799993
FILLER_0_25_41,VPWR,li1,24.6100,78.8800,1.799995
FILLER_0_25_30,VPWR,li1,19.5500,78.8800,1.799996
FILLER_0_25_23,VPWR,li1,16.3300,78.8800,1.799997
FILLER_0_25_17,VPWR,li1,14.7200,78.8800,1.799997
FILLER_0_25_11,VPWR,li1,11.2700,78.8800,1.799998
FILLER_0_25_3,VPWR,li1,8.7400,78.8800,1.799998
FILLER_0_24_153,VPWR,li1,76.5900,78.8800,1.799988
FILLER_0_24_141,VPWR,li1,73.1400,78.8800,1.799989
FILLER_0_24_139,VPWR,li1,69.6900,78.8800,1.799989
FILLER_0_24_133,VPWR,li1,68.0800,78.8800,1.799989
FILLER_0_24_121,VPWR,li1,63.9400,78.8800,1.799990
FILLER_0_24_109,VPWR,li1,58.4200,78.8800,1.799990
FILLER_0_24_97,VPWR,li1,52.9000,78.8800,1.799991
FILLER_0_24_85,VPWR,li1,47.3800,78.8800,1.799992
FILLER_0_24_82,VPWR,li1,43.7000,78.8800,1.799992
FILLER_0_24_74,VPWR,li1,41.4000,78.8800,1.799993
FILLER_0_24_56,VPWR,li1,31.5100,78.8800,1.799994
FILLER_0_24_45,VPWR,li1,27.1400,78.8800,1.799994
FILLER_0_24_33,VPWR,li1,23.4600,78.8800,1.799996
FILLER_0_24_29,VPWR,li1,19.0900,78.8800,1.799996
FILLER_0_24_25,VPWR,li1,17.7100,78.8800,1.799997
FILLER_0_24_13,VPWR,li1,14.2600,78.8800,1.799997
FILLER_0_23_157,VPWR,li1,78.2000,73.4400,1.799983
FILLER_0_23_149,VPWR,li1,75.9000,73.4400,1.799983
FILLER_0_23_137,VPWR,li1,71.3000,73.4400,1.799984
FILLER_0_23_125,VPWR,li1,65.7800,73.4400,1.799984
FILLER_0_23_113,VPWR,li1,60.2600,73.4400,1.799985
FILLER_0_23_109,VPWR,li1,56.3500,73.4400,1.799985
FILLER_0_23_74,VPWR,li1,40.2500,73.4400,1.799987
FILLER_0_23_66,VPWR,li1,37.7200,73.4400,1.799988
FILLER_0_23_57,VPWR,li1,32.2000,73.4400,1.799989
FILLER_0_23_44,VPWR,li1,28.5200,73.4400,1.799990
FILLER_0_23_32,VPWR,li1,23.0000,73.4400,1.799992
FILLER_0_23_23,VPWR,li1,16.5600,73.4400,1.799994
FILLER_0_23_15,VPWR,li1,14.2600,73.4400,1.799995
FILLER_0_22_153,VPWR,li1,76.5900,73.4400,1.799983
FILLER_0_22_141,VPWR,li1,73.1400,73.4400,1.799983
FILLER_0_22_128,VPWR,li1,67.1600,73.4400,1.799984
FILLER_0_22_116,VPWR,li1,61.6400,73.4400,1.799985
FILLER_0_22_104,VPWR,li1,56.1200,73.4400,1.799985
FILLER_0_22_85,VPWR,li1,47.3800,73.4400,1.799986
FILLER_0_22_83,VPWR,li1,43.9300,73.4400,1.799987
FILLER_0_22_75,VPWR,li1,41.8600,73.4400,1.799987
FILLER_0_22_63,VPWR,li1,37.2600,73.4400,1.799988
FILLER_0_22_47,VPWR,li1,29.9000,73.4400,1.799990
FILLER_0_22_40,VPWR,li1,24.1500,73.4400,1.799992
FILLER_0_22_36,VPWR,li1,23.0000,73.4400,1.799992
FILLER_0_22_24,VPWR,li1,17.4800,73.4400,1.799994
FILLER_0_22_19,VPWR,li1,14.4900,73.4400,1.799995
FILLER_0_22_15,VPWR,li1,13.3400,73.4400,1.799996
FILLER_0_22_6,VPWR,li1,8.7400,73.4400,1.799996
FILLER_0_21_157,VPWR,li1,78.2000,68.0000,1.799927
FILLER_0_21_149,VPWR,li1,75.9000,68.0000,1.799928
FILLER_0_21_137,VPWR,li1,71.3000,68.0000,1.799928
FILLER_0_21_125,VPWR,li1,65.7800,68.0000,1.799929
FILLER_0_21_113,VPWR,li1,60.2600,68.0000,1.799930
FILLER_0_21_109,VPWR,li1,56.3500,68.0000,1.799930
FILLER_0_21_97,VPWR,li1,52.9000,68.0000,1.799931
FILLER_0_21_85,VPWR,li1,47.3800,68.0000,1.799932
FILLER_0_21_77,VPWR,li1,41.1700,68.0000,1.799935
FILLER_0_21_65,VPWR,li1,38.1800,68.0000,1.799939
FILLER_0_21_57,VPWR,li1,31.9700,68.0000,1.799946
FILLER_0_21_54,VPWR,li1,30.8200,68.0000,1.799946
FILLER_0_21_37,VPWR,li1,23.4600,68.0000,1.799958
FILLER_0_21_25,VPWR,li1,19.7800,68.0000,1.799962
FILLER_0_21_18,VPWR,li1,14.0300,68.0000,1.799972
FILLER_0_21_10,VPWR,li1,11.9600,68.0000,1.799977
FILLER_0_21_3,VPWR,li1,7.1300,68.0000,1.799977
FILLER_0_20_153,VPWR,li1,76.5900,68.0000,1.799928
FILLER_0_20_141,VPWR,li1,73.1400,68.0000,1.799928
FILLER_0_20_137,VPWR,li1,69.2300,68.0000,1.799929
FILLER_0_20_125,VPWR,li1,65.7800,68.0000,1.799929
FILLER_0_20_113,VPWR,li1,60.2600,68.0000,1.799930
FILLER_0_20_97,VPWR,li1,50.6000,68.0000,1.799931
FILLER_0_20_85,VPWR,li1,45.0800,68.0000,1.799933
FILLER_0_20_72,VPWR,li1,39.3300,68.0000,1.799937
FILLER_0_20_64,VPWR,li1,35.1900,68.0000,1.799943
FILLER_0_20_58,VPWR,li1,33.5800,68.0000,1.799943
FILLER_0_20_43,VPWR,li1,28.0600,68.0000,1.799949
FILLER_0_20_35,VPWR,li1,21.8500,68.0000,1.799958
FILLER_0_20_29,VPWR,li1,20.2400,68.0000,1.799962
FILLER_0_20_25,VPWR,li1,17.7100,68.0000,1.799966
FILLER_0_20_14,VPWR,li1,12.6500,68.0000,1.799977
FILLER_0_20_6,VPWR,li1,10.1200,68.0000,1.799977
FILLER_0_19_156,VPWR,li1,77.9700,62.5600,1.799798
FILLER_0_19_134,VPWR,li1,67.6200,62.5600,1.799804
FILLER_0_19_113,VPWR,li1,57.7300,62.5600,1.799824
FILLER_0_19_111,VPWR,li1,56.8100,62.5600,1.799830
FILLER_0_19_107,VPWR,li1,55.6600,62.5600,1.799830
FILLER_0_19_97,VPWR,li1,50.6000,62.5600,1.799843
FILLER_0_19_85,VPWR,li1,47.3800,62.5600,1.799852
FILLER_0_19_76,VPWR,li1,41.4000,62.5600,1.799868
FILLER_0_19_69,VPWR,li1,37.4900,62.5600,1.799879
FILLER_0_19_57,VPWR,li1,34.5000,62.5600,1.799887
FILLER_0_19_53,VPWR,li1,30.5900,62.5600,1.799903
FILLER_0_19_27,VPWR,li1,18.6300,62.5600,1.799940
FILLER_0_19_3,VPWR,li1,9.6600,62.5600,1.799960
FILLER_0_18_153,VPWR,li1,76.5900,62.5600,1.799798
FILLER_0_18_141,VPWR,li1,73.1400,62.5600,1.799798
FILLER_0_18_130,VPWR,li1,65.7800,62.5600,1.799807
FILLER_0_18_118,VPWR,li1,62.5600,62.5600,1.799811
FILLER_0_18_106,VPWR,li1,57.0400,62.5600,1.799830
FILLER_0_18_97,VPWR,li1,50.8300,62.5600,1.799843
FILLER_0_18_85,VPWR,li1,47.3800,62.5600,1.799852
FILLER_0_18_83,VPWR,li1,43.9300,62.5600,1.799863
FILLER_0_18_79,VPWR,li1,42.7800,62.5600,1.799868
FILLER_0_18_67,VPWR,li1,39.1000,62.5600,1.799879
FILLER_0_18_58,VPWR,li1,32.6600,62.5600,1.799896
FILLER_0_18_54,VPWR,li1,30.5900,62.5600,1.799903
FILLER_0_18_48,VPWR,li1,28.9800,62.5600,1.799903
FILLER_0_18_41,VPWR,li1,25.3000,62.5600,1.799917
FILLER_0_18_29,VPWR,li1,21.6200,62.5600,1.799928
FILLER_0_18_26,VPWR,li1,17.9400,62.5600,1.799940
FILLER_0_18_18,VPWR,li1,15.6400,62.5600,1.799948
FILLER_0_18_6,VPWR,li1,11.0400,62.5600,1.799960
FILLER_0_17_133,VPWR,li1,68.0800,57.1200,1.799776
FILLER_0_17_111,VPWR,li1,56.8100,57.1200,1.799800
FILLER_0_17_103,VPWR,li1,54.7400,57.1200,1.799806
FILLER_0_17_91,VPWR,li1,50.1400,57.1200,1.799818
FILLER_0_17_87,VPWR,li1,45.7700,57.1200,1.799837
FILLER_0_17_81,VPWR,li1,44.1600,57.1200,1.799844
FILLER_0_17_69,VPWR,li1,40.0200,57.1200,1.799852
FILLER_0_17_57,VPWR,li1,33.1200,57.1200,1.799876
FILLER_0_17_37,VPWR,li1,23.0000,57.1200,1.799912
FILLER_0_17_29,VPWR,li1,20.7000,57.1200,1.799920
FILLER_0_16_155,VPWR,li1,77.0500,57.1200,1.799766
FILLER_0_16_149,VPWR,li1,75.4400,57.1200,1.799767
FILLER_0_16_139,VPWR,li1,69.6900,57.1200,1.799776
FILLER_0_16_133,VPWR,li1,68.0800,57.1200,1.799776
FILLER_0_16_121,VPWR,li1,63.9400,57.1200,1.799782
FILLER_0_16_109,VPWR,li1,58.4200,57.1200,1.799800
FILLER_0_16_85,VPWR,li1,45.5400,57.1200,1.799837
FILLER_0_16_75,VPWR,li1,40.4800,57.1200,1.799852
FILLER_0_16_67,VPWR,li1,38.1800,57.1200,1.799858
FILLER_0_16_48,VPWR,li1,30.3600,57.1200,1.799885
FILLER_0_16_41,VPWR,li1,25.0700,57.1200,1.799904
FILLER_0_16_29,VPWR,li1,21.6200,57.1200,1.799920
FILLER_0_16_25,VPWR,li1,17.7100,57.1200,1.799931
FILLER_0_16_12,VPWR,li1,11.2700,57.1200,1.799954
FILLER_0_16_6,VPWR,li1,9.6600,57.1200,1.799954
FILLER_0_15_137,VPWR,li1,69.0000,51.6800,1.799790
FILLER_0_15_121,VPWR,li1,62.5600,51.6800,1.799798
FILLER_0_15_104,VPWR,li1,55.2000,51.6800,1.799807
FILLER_0_15_92,VPWR,li1,50.6000,51.6800,1.799815
FILLER_0_15_80,VPWR,li1,45.0800,51.6800,1.799824
FILLER_0_15_67,VPWR,li1,37.7200,51.6800,1.799839
FILLER_0_15_63,VPWR,li1,34.7300,51.6800,1.799849
FILLER_0_15_57,VPWR,li1,33.1200,51.6800,1.799849
FILLER_0_15_54,VPWR,li1,30.8200,51.6800,1.799854
FILLER_0_15_46,VPWR,li1,28.5200,51.6800,1.799859
FILLER_0_15_35,VPWR,li1,22.5400,51.6800,1.799888
FILLER_0_15_6,VPWR,li1,11.0400,51.6800,1.799942
FILLER_0_14_157,VPWR,li1,78.2000,51.6800,1.799785
FILLER_0_14_136,VPWR,li1,69.0000,51.6800,1.799790
FILLER_0_14_125,VPWR,li1,63.2500,51.6800,1.799798
FILLER_0_14_68,VPWR,li1,38.1800,51.6800,1.799839
FILLER_0_14_34,VPWR,li1,23.0000,51.6800,1.799888
FILLER_0_14_27,VPWR,li1,18.1700,51.6800,1.799915
FILLER_0_14_21,VPWR,li1,15.8700,51.6800,1.799930
FILLER_0_14_13,VPWR,li1,13.3400,51.6800,1.799942
FILLER_0_14_3,VPWR,li1,7.3600,51.6800,1.799942
FILLER_0_13_154,VPWR,li1,76.8200,46.2400,1.799452
FILLER_0_13_146,VPWR,li1,74.5200,46.2400,1.799452
FILLER_0_13_137,VPWR,li1,68.7700,46.2400,1.799454
FILLER_0_13_125,VPWR,li1,65.7800,46.2400,1.799456
FILLER_0_13_113,VPWR,li1,60.2600,46.2400,1.799459
FILLER_0_13_104,VPWR,li1,55.2000,46.2400,1.799462
FILLER_0_13_92,VPWR,li1,50.6000,46.2400,1.799483
FILLER_0_13_57,VPWR,li1,33.5800,46.2400,1.799598
FILLER_0_13_55,VPWR,li1,31.0500,46.2400,1.799627
FILLER_0_13_51,VPWR,li1,29.2100,46.2400,1.799659
FILLER_0_13_45,VPWR,li1,27.6000,46.2400,1.799659
FILLER_0_13_23,VPWR,li1,16.3300,46.2400,1.799829
FILLER_0_13_19,VPWR,li1,15.1800,46.2400,1.799829
FILLER_0_13_3,VPWR,li1,7.1300,46.2400,1.799860
FILLER_0_12_153,VPWR,li1,76.5900,46.2400,1.799452
FILLER_0_12_145,VPWR,li1,74.0600,46.2400,1.799452
FILLER_0_12_138,VPWR,li1,69.4600,46.2400,1.799454
FILLER_0_12_126,VPWR,li1,66.2400,46.2400,1.799456
FILLER_0_12_117,VPWR,li1,59.5700,46.2400,1.799459
FILLER_0_12_85,VPWR,li1,47.3800,46.2400,1.799499
FILLER_0_12_83,VPWR,li1,43.9300,46.2400,1.799516
FILLER_0_12_79,VPWR,li1,42.0900,46.2400,1.799526
FILLER_0_12_72,VPWR,li1,39.1000,46.2400,1.799551
FILLER_0_12_37,VPWR,li1,23.2300,46.2400,1.799714
FILLER_0_12_29,VPWR,li1,20.7000,46.2400,1.799745
FILLER_0_12_26,VPWR,li1,17.9400,46.2400,1.799784
FILLER_0_12_14,VPWR,li1,14.7200,46.2400,1.799829
FILLER_0_12_6,VPWR,li1,8.7400,46.2400,1.799860
FILLER_0_11_132,VPWR,li1,66.4700,40.8000,1.799729
FILLER_0_11_126,VPWR,li1,63.7100,40.8000,1.799732
FILLER_0_11_113,VPWR,li1,58.8800,40.8000,1.799740
FILLER_0_11_104,VPWR,li1,53.8200,40.8000,1.799748
FILLER_0_11_70,VPWR,li1,39.5600,40.8000,1.799801
FILLER_0_11_64,VPWR,li1,35.1900,40.8000,1.799818
FILLER_0_11_33,VPWR,li1,21.1600,40.8000,1.799888
FILLER_0_11_20,VPWR,li1,15.1800,40.8000,1.799918
FILLER_0_11_12,VPWR,li1,12.8800,40.8000,1.799935
FILLER_0_11_6,VPWR,li1,8.9700,40.8000,1.799935
FILLER_0_10_155,VPWR,li1,77.0500,40.8000,1.799715
FILLER_0_10_149,VPWR,li1,75.4400,40.8000,1.799716
FILLER_0_10_139,VPWR,li1,69.6900,40.8000,1.799725
FILLER_0_10_133,VPWR,li1,68.0800,40.8000,1.799725
FILLER_0_10_125,VPWR,li1,63.4800,40.8000,1.799732
FILLER_0_10_120,VPWR,li1,61.1800,40.8000,1.799736
FILLER_0_10_85,VPWR,li1,47.3800,40.8000,1.799770
FILLER_0_10_81,VPWR,li1,43.4700,40.8000,1.799789
FILLER_0_10_73,VPWR,li1,40.9400,40.8000,1.799801
FILLER_0_10_61,VPWR,li1,36.3400,40.8000,1.799818
FILLER_0_10_49,VPWR,li1,29.9000,40.8000,1.799840
FILLER_0_10_27,VPWR,li1,18.1700,40.8000,1.799899
FILLER_0_10_19,VPWR,li1,16.1000,40.8000,1.799918
FILLER_0_10_7,VPWR,li1,8.9700,40.8000,1.799935
FILLER_0_9_157,VPWR,li1,78.2000,35.3600,1.799797
FILLER_0_9_145,VPWR,li1,74.9800,35.3600,1.799797
FILLER_0_9_125,VPWR,li1,65.7800,35.3600,1.799801
FILLER_0_9_113,VPWR,li1,59.3400,35.3600,1.799804
FILLER_0_9_110,VPWR,li1,56.5800,35.3600,1.799807
FILLER_0_9_101,VPWR,li1,53.3600,35.3600,1.799809
FILLER_0_9_65,VPWR,li1,36.8000,35.3600,1.799840
FILLER_0_9_48,VPWR,li1,29.4400,35.3600,1.799865
FILLER_0_9_36,VPWR,li1,24.8400,35.3600,1.799889
FILLER_0_9_24,VPWR,li1,19.3200,35.3600,1.799915
FILLER_0_9_12,VPWR,li1,13.8000,35.3600,1.799947
FILLER_0_9_3,VPWR,li1,7.5900,35.3600,1.799947
FILLER_0_8_148,VPWR,li1,75.4400,35.3600,1.799797
FILLER_0_8_134,VPWR,li1,68.5400,35.3600,1.799798
FILLER_0_8_113,VPWR,li1,58.1900,35.3600,1.799806
FILLER_0_8_85,VPWR,li1,47.3800,35.3600,1.799813
FILLER_0_8_83,VPWR,li1,43.9300,35.3600,1.799823
FILLER_0_8_74,VPWR,li1,40.4800,35.3600,1.799829
FILLER_0_8_27,VPWR,li1,18.1700,35.3600,1.799926
FILLER_0_8_21,VPWR,li1,16.5600,35.3600,1.799926
FILLER_0_7_137,VPWR,li1,69.0000,29.9200,1.799748
FILLER_0_7_125,VPWR,li1,65.7800,29.9200,1.799752
FILLER_0_7_113,VPWR,li1,58.4200,29.9200,1.799760
FILLER_0_7_111,VPWR,li1,56.8100,29.9200,1.799763
FILLER_0_7_107,VPWR,li1,55.6600,29.9200,1.799763
FILLER_0_7_84,VPWR,li1,46.9200,29.9200,1.799780
FILLER_0_7_72,VPWR,li1,41.4000,29.9200,1.799799
FILLER_0_7_66,VPWR,li1,36.1100,29.9200,1.799822
FILLER_0_7_57,VPWR,li1,32.2000,29.9200,1.799848
FILLER_0_7_55,VPWR,li1,31.0500,29.9200,1.799848
FILLER_0_7_47,VPWR,li1,28.9800,29.9200,1.799859
FILLER_0_7_36,VPWR,li1,23.4600,29.9200,1.799888
FILLER_0_7_30,VPWR,li1,20.0100,29.9200,1.799914
FILLER_0_7_18,VPWR,li1,16.5600,29.9200,1.799925
FILLER_0_7_6,VPWR,li1,11.0400,29.9200,1.799947
FILLER_0_6_154,VPWR,li1,76.8200,29.9200,1.799743
FILLER_0_6_146,VPWR,li1,74.5200,29.9200,1.799743
FILLER_0_6_138,VPWR,li1,69.4600,29.9200,1.799748
FILLER_0_6_126,VPWR,li1,66.2400,29.9200,1.799752
FILLER_0_6_108,VPWR,li1,57.9600,29.9200,1.799760
FILLER_0_6_51,VPWR,li1,31.7400,29.9200,1.799848
FILLER_0_6_39,VPWR,li1,26.2200,29.9200,1.799875
FILLER_0_6_29,VPWR,li1,19.3200,29.9200,1.799914
FILLER_0_6_24,VPWR,li1,17.4800,29.9200,1.799925
FILLER_0_6_12,VPWR,li1,13.8000,29.9200,1.799947
FILLER_0_5_124,VPWR,li1,63.4800,24.4800,1.799837
FILLER_0_5_113,VPWR,li1,57.7300,24.4800,1.799848
FILLER_0_5_111,VPWR,li1,56.8100,24.4800,1.799848
FILLER_0_5_107,VPWR,li1,55.6600,24.4800,1.799852
FILLER_0_5_93,VPWR,li1,49.6800,24.4800,1.799861
FILLER_0_5_81,VPWR,li1,45.5400,24.4800,1.799868
FILLER_0_5_69,VPWR,li1,40.0200,24.4800,1.799877
FILLER_0_5_57,VPWR,li1,34.5000,24.4800,1.799888
FILLER_0_5_27,VPWR,li1,18.6300,24.4800,1.799935
FILLER_0_5_17,VPWR,li1,13.8000,24.4800,1.799952
FILLER_0_5_3,VPWR,li1,7.1300,24.4800,1.799961
FILLER_0_4_148,VPWR,li1,75.4400,24.4800,1.799820
FILLER_0_4_137,VPWR,li1,69.2300,24.4800,1.799827
FILLER_0_4_120,VPWR,li1,61.4100,24.4800,1.799840
FILLER_0_4_101,VPWR,li1,52.2100,24.4800,1.799856
FILLER_0_4_97,VPWR,li1,51.0600,24.4800,1.799861
FILLER_0_4_85,VPWR,li1,47.3800,24.4800,1.799864
FILLER_0_4_83,VPWR,li1,43.9300,24.4800,1.799872
FILLER_0_4_71,VPWR,li1,40.9400,24.4800,1.799877
FILLER_0_4_45,VPWR,li1,27.6000,24.4800,1.799903
FILLER_0_4_29,VPWR,li1,20.7000,24.4800,1.799927
FILLER_0_4_26,VPWR,li1,17.9400,24.4800,1.799935
FILLER_0_4_16,VPWR,li1,13.1100,24.4800,1.799961
FILLER_0_4_6,VPWR,li1,9.6600,24.4800,1.799961
FILLER_0_3_138,VPWR,li1,69.2300,19.0400,1.799900
FILLER_0_3_132,VPWR,li1,67.6200,19.0400,1.799900
FILLER_0_3_120,VPWR,li1,63.4800,19.0400,1.799905
FILLER_0_3_109,VPWR,li1,56.3500,19.0400,1.799914
FILLER_0_3_93,VPWR,li1,50.1400,19.0400,1.799922
FILLER_0_3_81,VPWR,li1,45.5400,19.0400,1.799928
FILLER_0_3_69,VPWR,li1,40.0200,19.0400,1.799935
FILLER_0_3_57,VPWR,li1,34.5000,19.0400,1.799942
FILLER_0_3_55,VPWR,li1,31.0500,19.0400,1.799947
FILLER_0_3_47,VPWR,li1,27.3700,19.0400,1.799951
FILLER_0_3_39,VPWR,li1,25.3000,19.0400,1.799954
FILLER_0_3_27,VPWR,li1,20.7000,19.0400,1.799960
FILLER_0_3_3,VPWR,li1,7.1300,19.0400,1.799970
FILLER_0_2_152,VPWR,li1,75.6700,19.0400,1.799892
FILLER_0_2_148,VPWR,li1,74.5200,19.0400,1.799892
FILLER_0_2_139,VPWR,li1,69.6900,19.0400,1.799897
FILLER_0_2_133,VPWR,li1,68.0800,19.0400,1.799900
FILLER_0_2_121,VPWR,li1,63.9400,19.0400,1.799905
FILLER_0_2_109,VPWR,li1,58.4200,19.0400,1.799912
FILLER_0_2_97,VPWR,li1,52.9000,19.0400,1.799919
FILLER_0_2_85,VPWR,li1,47.3800,19.0400,1.799926
FILLER_0_2_83,VPWR,li1,43.9300,19.0400,1.799932
FILLER_0_2_71,VPWR,li1,40.9400,19.0400,1.799935
FILLER_0_2_59,VPWR,li1,35.4200,19.0400,1.799942
FILLER_0_2_47,VPWR,li1,29.9000,19.0400,1.799949
FILLER_0_2_29,VPWR,li1,19.5500,19.0400,1.799962
FILLER_0_2_24,VPWR,li1,17.4800,19.0400,1.799966
FILLER_0_2_6,VPWR,li1,9.6600,19.0400,1.799970
FILLER_0_1_156,VPWR,li1,77.9700,13.6000,1.799701
FILLER_0_1_148,VPWR,li1,75.4400,13.6000,1.799701
FILLER_0_1_136,VPWR,li1,70.8400,13.6000,1.799701
FILLER_0_1_111,VPWR,li1,56.8100,13.6000,1.799734
FILLER_0_1_105,VPWR,li1,55.2000,13.6000,1.799734
FILLER_0_1_93,VPWR,li1,51.0600,13.6000,1.799752
FILLER_0_1_81,VPWR,li1,45.5400,13.6000,1.799777
FILLER_0_1_69,VPWR,li1,40.0200,13.6000,1.799801
FILLER_0_1_57,VPWR,li1,34.5000,13.6000,1.799826
FILLER_0_1_55,VPWR,li1,31.0500,13.6000,1.799846
FILLER_0_1_51,VPWR,li1,29.9000,13.6000,1.799846
FILLER_0_1_3,VPWR,li1,7.3600,13.6000,1.799936
FILLER_0_0_153,VPWR,li1,76.5900,13.6000,1.799701
FILLER_0_0_141,VPWR,li1,73.1400,13.6000,1.799701
FILLER_0_0_139,VPWR,li1,69.6900,13.6000,1.799701
FILLER_0_0_113,VPWR,li1,58.1900,13.6000,1.799725
FILLER_0_0_109,VPWR,li1,56.3500,13.6000,1.799734
FILLER_0_0_97,VPWR,li1,52.9000,13.6000,1.799744
FILLER_0_0_85,VPWR,li1,47.3800,13.6000,1.799769
FILLER_0_0_81,VPWR,li1,43.4700,13.6000,1.799789
FILLER_0_0_69,VPWR,li1,40.0200,13.6000,1.799801
FILLER_0_0_57,VPWR,li1,34.5000,13.6000,1.799826
FILLER_0_0_53,VPWR,li1,30.5900,13.6000,1.799846
FILLER_0_0_41,VPWR,li1,27.1400,13.6000,1.799858
FILLER_0_0_29,VPWR,li1,21.6200,13.6000,1.799885
FILLER_0_0_27,VPWR,li1,18.1700,13.6000,1.799904
FILLER_0_0_19,VPWR,li1,16.1000,13.6000,1.799916
clkbuf_1_1__f_clk_CPU,VPWR,li1,54.7400,46.2400,1.799462
clkbuf_1_0__f_clk_CPU,VPWR,li1,30.8200,46.2400,1.799627
clkbuf_0_clk_CPU,VPWR,li1,43.2400,46.2400,1.799526
_377__33,VPWR,li1,77.9700,84.3200,1.800000
_376__32,VPWR,li1,76.5900,84.3200,1.800000
output31,VPWR,li1,77.9700,13.6000,1.799701
output30,VPWR,li1,77.9700,19.0400,1.799891
output29,VPWR,li1,77.9700,35.3600,1.799797
output28,VPWR,li1,77.9700,24.4800,1.799819
output27,VPWR,li1,77.9700,29.9200,1.799743
output26,VPWR,li1,77.9700,78.8800,1.799988
output25,VPWR,li1,77.9700,73.4400,1.799983
output24,VPWR,li1,77.9700,68.0000,1.799927
output23,VPWR,li1,77.9700,62.5600,1.799798
output22,VPWR,li1,77.9700,57.1200,1.799766
output21,VPWR,li1,77.9700,46.2400,1.799452
output20,VPWR,li1,77.9700,46.2400,1.799452
output19,VPWR,li1,77.9700,40.8000,1.799715
input18,VPWR,li1,10.5800,84.3200,1.800000
input17,VPWR,li1,8.2800,84.3200,1.800000
input16,VPWR,li1,8.2800,78.8800,1.799998
input15,VPWR,li1,8.2800,73.4400,1.799996
input14,VPWR,li1,7.5900,24.4800,1.799961
input13,VPWR,li1,7.5900,35.3600,1.799947
input12,VPWR,li1,7.5900,29.9200,1.799947
input11,VPWR,li1,10.5800,13.6000,1.799936
input10,VPWR,li1,7.5900,19.0400,1.799970
input9,VPWR,li1,7.5900,73.4400,1.799996
input8,VPWR,li1,7.5900,68.0000,1.799977
input7,VPWR,li1,7.5900,62.5600,1.799960
input6,VPWR,li1,7.5900,57.1200,1.799954
input5,VPWR,li1,7.5900,51.6800,1.799942
input4,VPWR,li1,10.8100,51.6800,1.799942
input3,VPWR,li1,7.5900,46.2400,1.799860
input2,VPWR,li1,7.5900,40.8000,1.799935
input1,VPWR,li1,7.8200,40.8000,1.799935
TAP_TAPCELL_ROW_26_125,VPWR,li1,70.1500,84.0130,1.800000
TAP_TAPCELL_ROW_26_124,VPWR,li1,57.2700,84.0130,1.800000
TAP_TAPCELL_ROW_26_123,VPWR,li1,44.3900,84.0130,1.800000
TAP_TAPCELL_ROW_26_122,VPWR,li1,31.5100,84.0130,1.800000
TAP_TAPCELL_ROW_26_121,VPWR,li1,18.6300,84.0130,1.800000
TAP_TAPCELL_ROW_25_120,VPWR,li1,57.2700,79.1860,1.799990
TAP_TAPCELL_ROW_25_119,VPWR,li1,31.5100,79.1860,1.799994
TAP_TAPCELL_ROW_24_118,VPWR,li1,70.1500,78.5730,1.799989
TAP_TAPCELL_ROW_24_117,VPWR,li1,44.3900,78.5730,1.799992
TAP_TAPCELL_ROW_24_116,VPWR,li1,18.6300,78.5730,1.799996
TAP_TAPCELL_ROW_23_115,VPWR,li1,57.2700,73.7460,1.799985
TAP_TAPCELL_ROW_23_114,VPWR,li1,31.5100,73.7460,1.799989
TAP_TAPCELL_ROW_22_113,VPWR,li1,70.1500,73.1330,1.799984
TAP_TAPCELL_ROW_22_112,VPWR,li1,44.3900,73.1330,1.799987
TAP_TAPCELL_ROW_22_111,VPWR,li1,18.6300,73.1330,1.799994
TAP_TAPCELL_ROW_21_110,VPWR,li1,57.2700,68.3060,1.799930
TAP_TAPCELL_ROW_21_109,VPWR,li1,31.5100,68.3060,1.799946
TAP_TAPCELL_ROW_20_108,VPWR,li1,70.1500,67.6930,1.799929
TAP_TAPCELL_ROW_20_107,VPWR,li1,44.3900,67.6930,1.799933
TAP_TAPCELL_ROW_20_106,VPWR,li1,18.6300,67.6930,1.799966
TAP_TAPCELL_ROW_19_105,VPWR,li1,57.2700,62.8660,1.799830
TAP_TAPCELL_ROW_19_104,VPWR,li1,31.5100,62.8660,1.799896
TAP_TAPCELL_ROW_18_103,VPWR,li1,70.1500,62.2530,1.799801
TAP_TAPCELL_ROW_18_102,VPWR,li1,44.3900,62.2530,1.799863
TAP_TAPCELL_ROW_18_101,VPWR,li1,18.6300,62.2530,1.799940
TAP_TAPCELL_ROW_17_100,VPWR,li1,57.2700,57.4260,1.799800
TAP_TAPCELL_ROW_17_99,VPWR,li1,31.5100,57.4260,1.799885
TAP_TAPCELL_ROW_16_98,VPWR,li1,70.1500,56.8130,1.799772
TAP_TAPCELL_ROW_16_97,VPWR,li1,44.3900,56.8130,1.799837
TAP_TAPCELL_ROW_16_96,VPWR,li1,18.6300,56.8130,1.799931
TAP_TAPCELL_ROW_15_95,VPWR,li1,57.2700,51.9860,1.799804
TAP_TAPCELL_ROW_15_94,VPWR,li1,31.5100,51.9860,1.799854
TAP_TAPCELL_ROW_14_93,VPWR,li1,70.1500,51.3730,1.799790
TAP_TAPCELL_ROW_14_92,VPWR,li1,44.3900,51.3730,1.799829
TAP_TAPCELL_ROW_14_91,VPWR,li1,18.6300,51.3730,1.799915
TAP_TAPCELL_ROW_13_90,VPWR,li1,57.2700,46.5460,1.799461
TAP_TAPCELL_ROW_13_89,VPWR,li1,31.5100,46.5460,1.799627
TAP_TAPCELL_ROW_12_88,VPWR,li1,70.1500,45.9330,1.799454
TAP_TAPCELL_ROW_12_87,VPWR,li1,44.3900,45.9330,1.799516
TAP_TAPCELL_ROW_12_86,VPWR,li1,18.6300,45.9330,1.799784
TAP_TAPCELL_ROW_11_85,VPWR,li1,57.2700,41.1060,1.799745
TAP_TAPCELL_ROW_11_84,VPWR,li1,31.5100,41.1060,1.799840
TAP_TAPCELL_ROW_10_83,VPWR,li1,70.1500,40.4930,1.799721
TAP_TAPCELL_ROW_10_82,VPWR,li1,44.3900,40.4930,1.799782
TAP_TAPCELL_ROW_10_81,VPWR,li1,18.6300,40.4930,1.799899
TAP_TAPCELL_ROW_9_80,VPWR,li1,57.2700,35.6660,1.799806
TAP_TAPCELL_ROW_9_79,VPWR,li1,31.5100,35.6660,1.799857
TAP_TAPCELL_ROW_8_78,VPWR,li1,70.1500,35.0530,1.799798
TAP_TAPCELL_ROW_8_77,VPWR,li1,44.3900,35.0530,1.799819
TAP_TAPCELL_ROW_8_76,VPWR,li1,18.6300,35.0530,1.799915
TAP_TAPCELL_ROW_7_75,VPWR,li1,57.2700,30.2260,1.799763
TAP_TAPCELL_ROW_7_74,VPWR,li1,31.5100,30.2260,1.799848
TAP_TAPCELL_ROW_6_73,VPWR,li1,70.1500,29.6130,1.799748
TAP_TAPCELL_ROW_6_72,VPWR,li1,44.3900,29.6130,1.799788
TAP_TAPCELL_ROW_6_71,VPWR,li1,18.6300,29.6130,1.799914
TAP_TAPCELL_ROW_5_70,VPWR,li1,57.2700,24.7860,1.799848
TAP_TAPCELL_ROW_5_69,VPWR,li1,31.5100,24.7860,1.799893
TAP_TAPCELL_ROW_4_68,VPWR,li1,70.1500,24.1730,1.799827
TAP_TAPCELL_ROW_4_67,VPWR,li1,44.3900,24.1730,1.799872
TAP_TAPCELL_ROW_4_66,VPWR,li1,18.6300,24.1730,1.799935
TAP_TAPCELL_ROW_3_65,VPWR,li1,57.2700,19.3460,1.799914
TAP_TAPCELL_ROW_3_64,VPWR,li1,31.5100,19.3460,1.799947
TAP_TAPCELL_ROW_2_63,VPWR,li1,70.1500,18.7330,1.799897
TAP_TAPCELL_ROW_2_62,VPWR,li1,44.3900,18.7330,1.799932
TAP_TAPCELL_ROW_2_61,VPWR,li1,18.6300,18.7330,1.799962
TAP_TAPCELL_ROW_1_60,VPWR,li1,57.2700,13.9060,1.799725
TAP_TAPCELL_ROW_1_59,VPWR,li1,31.5100,13.9060,1.799846
TAP_TAPCELL_ROW_0_58,VPWR,li1,70.1500,13.2930,1.799701
TAP_TAPCELL_ROW_0_57,VPWR,li1,57.2700,13.2930,1.799725
TAP_TAPCELL_ROW_0_56,VPWR,li1,44.3900,13.2930,1.799789
TAP_TAPCELL_ROW_0_55,VPWR,li1,31.5100,13.2930,1.799846
TAP_TAPCELL_ROW_0_54,VPWR,li1,18.6300,13.2930,1.799904
PHY_EDGE_ROW_26_Left_53,VPWR,li1,6.2100,84.3200,1.800000
PHY_EDGE_ROW_25_Left_52,VPWR,li1,6.2100,78.8800,1.799998
PHY_EDGE_ROW_24_Left_51,VPWR,li1,6.2100,78.8800,1.799998
PHY_EDGE_ROW_23_Left_50,VPWR,li1,6.2100,73.4400,1.799996
PHY_EDGE_ROW_22_Left_49,VPWR,li1,6.2100,73.4400,1.799996
PHY_EDGE_ROW_21_Left_48,VPWR,li1,6.2100,68.0000,1.799977
PHY_EDGE_ROW_20_Left_47,VPWR,li1,6.2100,68.0000,1.799977
PHY_EDGE_ROW_19_Left_46,VPWR,li1,6.2100,62.5600,1.799960
PHY_EDGE_ROW_18_Left_45,VPWR,li1,6.2100,62.5600,1.799960
PHY_EDGE_ROW_17_Left_44,VPWR,li1,6.2100,57.1200,1.799954
PHY_EDGE_ROW_16_Left_43,VPWR,li1,6.2100,57.1200,1.799954
PHY_EDGE_ROW_15_Left_42,VPWR,li1,6.2100,51.6800,1.799942
PHY_EDGE_ROW_14_Left_41,VPWR,li1,6.2100,51.6800,1.799942
PHY_EDGE_ROW_13_Left_40,VPWR,li1,6.2100,46.2400,1.799860
PHY_EDGE_ROW_12_Left_39,VPWR,li1,6.2100,46.2400,1.799860
PHY_EDGE_ROW_11_Left_38,VPWR,li1,6.2100,40.8000,1.799935
PHY_EDGE_ROW_10_Left_37,VPWR,li1,6.2100,40.8000,1.799935
PHY_EDGE_ROW_9_Left_36,VPWR,li1,6.2100,35.3600,1.799947
PHY_EDGE_ROW_8_Left_35,VPWR,li1,6.2100,35.3600,1.799947
PHY_EDGE_ROW_7_Left_34,VPWR,li1,6.2100,29.9200,1.799947
PHY_EDGE_ROW_6_Left_33,VPWR,li1,6.2100,29.9200,1.799947
PHY_EDGE_ROW_5_Left_32,VPWR,li1,6.2100,24.4800,1.799961
PHY_EDGE_ROW_4_Left_31,VPWR,li1,6.2100,24.4800,1.799961
PHY_EDGE_ROW_3_Left_30,VPWR,li1,6.2100,19.0400,1.799970
PHY_EDGE_ROW_2_Left_29,VPWR,li1,6.2100,19.0400,1.799970
PHY_EDGE_ROW_1_Left_28,VPWR,li1,6.2100,13.6000,1.799936
PHY_EDGE_ROW_0_Left_27,VPWR,li1,6.2100,13.6000,1.799936
PHY_EDGE_ROW_26_Right_26,VPWR,li1,79.3500,84.3200,1.800000
PHY_EDGE_ROW_25_Right_25,VPWR,li1,79.3500,78.8800,1.799988
PHY_EDGE_ROW_24_Right_24,VPWR,li1,79.3500,78.8800,1.799988
PHY_EDGE_ROW_23_Right_23,VPWR,li1,79.3500,73.4400,1.799983
PHY_EDGE_ROW_22_Right_22,VPWR,li1,79.3500,73.4400,1.799983
PHY_EDGE_ROW_21_Right_21,VPWR,li1,79.3500,68.0000,1.799927
PHY_EDGE_ROW_20_Right_20,VPWR,li1,79.3500,68.0000,1.799927
PHY_EDGE_ROW_19_Right_19,VPWR,li1,79.3500,62.5600,1.799798
PHY_EDGE_ROW_18_Right_18,VPWR,li1,79.3500,62.5600,1.799798
PHY_EDGE_ROW_17_Right_17,VPWR,li1,79.3500,57.1200,1.799766
PHY_EDGE_ROW_16_Right_16,VPWR,li1,79.3500,57.1200,1.799766
PHY_EDGE_ROW_15_Right_15,VPWR,li1,79.3500,51.6800,1.799785
PHY_EDGE_ROW_14_Right_14,VPWR,li1,79.3500,51.6800,1.799785
PHY_EDGE_ROW_13_Right_13,VPWR,li1,79.3500,46.2400,1.799452
PHY_EDGE_ROW_12_Right_12,VPWR,li1,79.3500,46.2400,1.799452
PHY_EDGE_ROW_11_Right_11,VPWR,li1,79.3500,40.8000,1.799715
PHY_EDGE_ROW_10_Right_10,VPWR,li1,79.3500,40.8000,1.799715
PHY_EDGE_ROW_9_Right_9,VPWR,li1,79.3500,35.3600,1.799797
PHY_EDGE_ROW_8_Right_8,VPWR,li1,79.3500,35.3600,1.799797
PHY_EDGE_ROW_7_Right_7,VPWR,li1,79.3500,29.9200,1.799743
PHY_EDGE_ROW_6_Right_6,VPWR,li1,79.3500,29.9200,1.799743
PHY_EDGE_ROW_5_Right_5,VPWR,li1,79.3500,24.4800,1.799819
PHY_EDGE_ROW_4_Right_4,VPWR,li1,79.3500,24.4800,1.799819
PHY_EDGE_ROW_3_Right_3,VPWR,li1,79.3500,19.0400,1.799891
PHY_EDGE_ROW_2_Right_2,VPWR,li1,79.3500,19.0400,1.799891
PHY_EDGE_ROW_1_Right_1,VPWR,li1,79.3500,13.6000,1.799701
PHY_EDGE_ROW_0_Right_0,VPWR,li1,79.3500,13.6000,1.799701
_378_,VPWR,li1,76.5900,19.0400,1.799891
_377_,VPWR,li1,74.9800,78.8800,1.799988
_376_,VPWR,li1,76.8200,78.8800,1.799988
_375_,VPWR,li1,74.0600,51.6800,1.799785
_374_,VPWR,li1,74.0600,40.8000,1.799716
_373_,VPWR,li1,33.5800,24.4800,1.799888
_372_,VPWR,li1,74.0600,19.0400,1.799892
_371_,VPWR,li1,51.0600,57.1200,1.799818
_370_,VPWR,li1,49.4500,51.6800,1.799815
_369_,VPWR,li1,48.5300,40.8000,1.799770
_368_,VPWR,li1,26.4500,40.8000,1.799853
_367_,VPWR,li1,39.3300,29.9200,1.799806
_366_,VPWR,li1,33.1200,35.3600,1.799857
_365_,VPWR,li1,46.6900,35.3600,1.799813
_364_,VPWR,li1,23.4600,40.8000,1.799867
_363_,VPWR,li1,21.3900,46.2400,1.799745
_362_,VPWR,li1,11.5000,57.1200,1.799954
_361_,VPWR,li1,23.6900,35.3600,1.799889
_360_,VPWR,li1,24.3800,13.6000,1.799870
_359_,VPWR,li1,12.4200,13.6000,1.799936
_358_,VPWR,li1,25.9900,24.4800,1.799910
_357_,VPWR,li1,12.6500,19.0400,1.799970
_356_,VPWR,li1,74.0600,29.9200,1.799743
_355_,VPWR,li1,73.8300,24.4800,1.799820
_354_,VPWR,li1,74.0600,57.1200,1.799767
_353_,VPWR,li1,72.6800,62.5600,1.799798
_352_,VPWR,li1,62.1000,57.1200,1.799785
_351_,VPWR,li1,62.5600,62.5600,1.799811
_350_,VPWR,li1,30.1300,51.6800,1.799859
_349_,VPWR,li1,55.4300,40.8000,1.799748
_348_,VPWR,li1,64.1700,13.6000,1.799701
_347_,VPWR,li1,62.7900,13.6000,1.799701
_346_,VPWR,li1,49.9100,29.9200,1.799769
_345_,VPWR,li1,70.8400,46.2400,1.799453
_344_,VPWR,li1,75.9000,51.6800,1.799785
_343_,VPWR,li1,65.7800,51.6800,1.799794
_342_,VPWR,li1,72.2200,40.8000,1.799718
_341_,VPWR,li1,68.0800,40.8000,1.799725
_340_,VPWR,li1,71.3000,46.2400,1.799453
_339_,VPWR,li1,29.2100,19.0400,1.799949
_338_,VPWR,li1,71.9900,19.0400,1.799894
_337_,VPWR,li1,46.6900,57.1200,1.799830
_336_,VPWR,li1,42.5500,57.1200,1.799844
_335_,VPWR,li1,43.0100,51.6800,1.799829
_334_,VPWR,li1,43.0100,46.2400,1.799526
_333_,VPWR,li1,40.7100,51.6800,1.799833
_332_,VPWR,li1,40.7100,51.6800,1.799833
_331_,VPWR,li1,42.5500,40.8000,1.799789
_330_,VPWR,li1,40.7100,46.2400,1.799551
_329_,VPWR,li1,37.0300,46.2400,1.799568
_328_,VPWR,li1,37.0300,46.2400,1.799568
_327_,VPWR,li1,25.0700,46.2400,1.799690
_326_,VPWR,li1,33.3500,40.8000,1.799829
_325_,VPWR,li1,32.6600,40.8000,1.799829
_324_,VPWR,li1,36.5700,40.8000,1.799818
_323_,VPWR,li1,37.4900,29.9200,1.799822
_322_,VPWR,li1,34.2700,29.9200,1.799831
_321_,VPWR,li1,25.9900,29.9200,1.799875
_320_,VPWR,li1,32.4300,35.3600,1.799857
_319_,VPWR,li1,34.2700,35.3600,1.799848
_318_,VPWR,li1,38.6400,35.3600,1.799835
_317_,VPWR,li1,42.5500,35.3600,1.799823
_316_,VPWR,li1,39.7900,35.3600,1.799835
_315_,VPWR,li1,18.1700,40.8000,1.799899
_314_,VPWR,li1,16.3300,40.8000,1.799918
_313_,VPWR,li1,20.0100,40.8000,1.799888
_312_,VPWR,li1,17.4800,51.6800,1.799915
_311_,VPWR,li1,20.0100,51.6800,1.799901
_310_,VPWR,li1,17.2500,51.6800,1.799915
_309_,VPWR,li1,14.7200,51.6800,1.799930
_308_,VPWR,li1,20.4700,51.6800,1.799901
_307_,VPWR,li1,15.6400,57.1200,1.799938
_306_,VPWR,li1,12.8800,57.1200,1.799954
_305_,VPWR,li1,13.3400,35.3600,1.799947
_304_,VPWR,li1,9.8900,35.3600,1.799947
_303_,VPWR,li1,16.1000,24.4800,1.799943
_302_,VPWR,li1,9.6600,35.3600,1.799947
_301_,VPWR,li1,9.2000,46.2400,1.799860
_300_,VPWR,li1,12.6500,46.2400,1.799860
_299_,VPWR,li1,10.5800,40.8000,1.799935
_298_,VPWR,li1,10.5800,46.2400,1.799860
_297_,VPWR,li1,8.9700,51.6800,1.799942
_296_,VPWR,li1,13.1100,40.8000,1.799935
_295_,VPWR,li1,69.6900,35.3600,1.799798
_294_,VPWR,li1,65.3200,40.8000,1.799729
_293_,VPWR,li1,71.9900,35.3600,1.799797
_292_,VPWR,li1,71.9900,24.4800,1.799822
_291_,VPWR,li1,71.5300,29.9200,1.799746
_290_,VPWR,li1,66.7000,24.4800,1.799831
_289_,VPWR,li1,72.2200,57.1200,1.799769
_288_,VPWR,li1,72.2200,51.6800,1.799787
_287_,VPWR,li1,66.2400,51.6800,1.799794
_286_,VPWR,li1,68.0800,62.5600,1.799804
_285_,VPWR,li1,65.0900,40.8000,1.799732
_284_,VPWR,li1,71.5300,35.3600,1.799797
_283_,VPWR,li1,59.3400,51.6800,1.799801
_282_,VPWR,li1,55.8900,51.6800,1.799807
_281_,VPWR,li1,59.3400,51.6800,1.799801
_280_,VPWR,li1,62.1000,51.6800,1.799798
_279_,VPWR,li1,25.0700,51.6800,1.799876
_278_,VPWR,li1,34.7300,57.1200,1.799876
_277_,VPWR,li1,35.8800,57.1200,1.799866
_276_,VPWR,li1,42.3200,68.0000,1.799935
_275_,VPWR,li1,23.6900,68.0000,1.799955
_274_,VPWR,li1,25.9900,68.0000,1.799952
_273_,VPWR,li1,13.8000,62.5600,1.799960
_272_,VPWR,li1,43.4700,62.5600,1.799863
_271_,VPWR,li1,39.1000,62.5600,1.799879
_270_,VPWR,li1,33.8100,68.0000,1.799943
_269_,VPWR,li1,21.1600,62.5600,1.799928
_268_,VPWR,li1,27.3700,57.1200,1.799896
_267_,VPWR,li1,31.5100,62.5600,1.799896
_266_,VPWR,li1,33.5800,73.4400,1.799989
_265_,VPWR,li1,30.1300,78.8800,1.799994
_264_,VPWR,li1,37.0300,68.0000,1.799939
_263_,VPWR,li1,43.7000,73.4400,1.799987
_262_,VPWR,li1,34.2700,73.4400,1.799989
_261_,VPWR,li1,34.7300,62.5600,1.799887
_260_,VPWR,li1,10.8100,73.4400,1.799996
_259_,VPWR,li1,25.9900,78.8800,1.799995
_258_,VPWR,li1,28.0600,78.8800,1.799994
_257_,VPWR,li1,32.4300,78.8800,1.799994
_256_,VPWR,li1,11.0400,73.4400,1.799996
_255_,VPWR,li1,10.5800,78.8800,1.799998
_254_,VPWR,li1,51.7500,73.4400,1.799986
_253_,VPWR,li1,26.6800,57.1200,1.799904
_252_,VPWR,li1,26.9100,62.5600,1.799909
_251_,VPWR,li1,16.5600,62.5600,1.799948
_250_,VPWR,li1,15.1800,68.0000,1.799972
_249_,VPWR,li1,15.6400,68.0000,1.799972
_248_,VPWR,li1,15.6400,73.4400,1.799995
_247_,VPWR,li1,52.9000,62.5600,1.799837
_246_,VPWR,li1,52.9000,62.5600,1.799837
_245_,VPWR,li1,51.9800,68.0000,1.799931
_244_,VPWR,li1,27.8300,62.5600,1.799909
_243_,VPWR,li1,24.3800,62.5600,1.799917
_242_,VPWR,li1,8.7400,68.0000,1.799977
_241_,VPWR,li1,50.8300,73.4400,1.799986
_240_,VPWR,li1,20.4700,73.4400,1.799993
_239_,VPWR,li1,17.4800,57.1200,1.799931
_238_,VPWR,li1,37.2600,78.8800,1.799993
_237_,VPWR,li1,33.3500,78.8800,1.799993
_236_,VPWR,li1,37.7200,78.8800,1.799993
_235_,VPWR,li1,28.9800,68.0000,1.799949
_234_,VPWR,li1,25.7600,73.4400,1.799991
_233_,VPWR,li1,22.0800,78.8800,1.799996
_232_,VPWR,li1,17.9400,78.8800,1.799997
_231_,VPWR,li1,29.6700,78.8800,1.799994
_230_,VPWR,li1,18.6300,73.4400,1.799994
_229_,VPWR,li1,42.0900,68.0000,1.799935
_228_,VPWR,li1,53.8200,68.0000,1.799931
_227_,VPWR,li1,56.8100,68.0000,1.799930
_226_,VPWR,li1,54.7400,73.4400,1.799985
_225_,VPWR,li1,41.6300,78.8800,1.799992
_224_,VPWR,li1,48.0700,73.4400,1.799986
_223_,VPWR,li1,43.9300,78.8800,1.799992
_222_,VPWR,li1,46.9200,68.0000,1.799932
_221_,VPWR,li1,49.2200,68.0000,1.799931
_220_,VPWR,li1,48.0700,78.8800,1.799992
_219_,VPWR,li1,55.4300,68.0000,1.799931
_218_,VPWR,li1,52.9000,73.4400,1.799986
_217_,VPWR,li1,51.7500,78.8800,1.799991
_216_,VPWR,li1,39.7900,78.8800,1.799993
_215_,VPWR,li1,20.0100,78.8800,1.799996
_214_,VPWR,li1,61.8700,40.8000,1.799736
_213_,VPWR,li1,61.6400,46.2400,1.799458
_212_,VPWR,li1,61.1800,29.9200,1.799757
_211_,VPWR,li1,64.8600,35.3600,1.799801
_210_,VPWR,li1,58.8800,24.4800,1.799845
_209_,VPWR,li1,62.1000,29.9200,1.799757
_208_,VPWR,li1,62.1000,35.3600,1.799803
_207_,VPWR,li1,61.4100,35.3600,1.799803
_206_,VPWR,li1,62.3300,40.8000,1.799736
_205_,VPWR,li1,60.2600,24.4800,1.799845
_204_,VPWR,li1,59.1100,19.0400,1.799912
_203_,VPWR,li1,66.9300,24.4800,1.799831
_202_,VPWR,li1,51.2900,29.9200,1.799769
_201_,VPWR,li1,55.4300,35.3600,1.799807
_200_,VPWR,li1,51.7500,35.3600,1.799809
_199_,VPWR,li1,53.8200,29.9200,1.799765
_198_,VPWR,li1,59.5700,35.3600,1.799804
_197_,VPWR,li1,52.9000,24.4800,1.799856
_196_,VPWR,li1,53.8200,19.0400,1.799919
_195_,VPWR,li1,55.4300,35.3600,1.799807
_194_,VPWR,li1,54.7400,24.4800,1.799852
_193_,VPWR,li1,63.7100,24.4800,1.799837
_192_,VPWR,li1,55.6600,40.8000,1.799745
_191_,VPWR,li1,22.3100,19.0400,1.799960
_190_,VPWR,li1,13.1100,19.0400,1.799970
_189_,VPWR,li1,18.4000,13.6000,1.799904
_188_,VPWR,li1,21.6200,29.9200,1.799899
_187_,VPWR,li1,20.0100,24.4800,1.799927
_186_,VPWR,li1,11.5000,24.4800,1.799961
_185_,VPWR,li1,11.9600,24.4800,1.799961
_184_,VPWR,li1,8.5100,24.4800,1.799961
_183_,VPWR,li1,25.7600,19.0400,1.799954
_182_,VPWR,li1,8.2800,29.9200,1.799947
_181_,VPWR,li1,14.2600,24.4800,1.799952
_180_,VPWR,li1,24.3800,24.4800,1.799910
_179_,VPWR,li1,15.8700,19.0400,1.799966
_178_,VPWR,li1,21.3900,29.9200,1.799899
_177_,VPWR,li1,16.3300,24.4800,1.799943
_176_,VPWR,li1,35.6500,51.6800,1.799843
_175_,VPWR,li1,10.3500,29.9200,1.799947
_174_,VPWR,li1,43.9300,68.0000,1.799933
_173_,VPWR,li1,31.5100,68.0000,1.799946
_172_,VPWR,li1,30.1300,46.2400,1.799627
_171_,VPWR,li1,36.1100,51.6800,1.799843
_170_,VPWR,li1,12.6500,78.8800,1.799998
_169_,VPWR,li1,10.3500,40.8000,1.799935
